and,635,1
the,610,2
i,520,3
to,418,4
you,390,5
brutus,375,6
of,363,7
that,282,8
a,262,9
not,256,10
is,250,11
caesar,231,12
cassius,227,13
in,226,14
it,194,15
he,193,16
me,189,17
my,189,18
for,176,19
this,165,20
him,165,21
will,164,22
his,158,23
with,157,24
be,150,25
have,147,26
but,145,27
so,139,28
as,135,29
do,132,30
your,130,31
antony,127,32
what,126,33
shall,125,34
thou,116,35
all,111,36
are,109,37
by,99,38
we,96,39
no,93,40
our,88,41
if,84,42
on,83,43
come,75,44
did,75,45
o,72,46
good,71,47
casca,71,48
citizen,69,49
know,68,50
when,67,51
then,67,52
men,65,53
let,65,54
was,64,55
well,64,56
they,63,57
now,63,58
us,63,59
their,62,60
them,61,61
here,60,62
at,59,63
lucius,58,64
am,57,65
man,56,66
thy,55,67
thee,54,68
from,49,69
upon,48,70
there,48,71
which,47,72
messala,46,73
enter,44,74
would,44,75
go,44,76
lord,44,77
or,44,78
octavius,43,79
rome,42,80
why,42,81
than,42,82
some,42,83
speak,41,84
yet,41,85
should,41,86
caesars,40,87
these,39,88
noble,39,89
like,39,90
cinna,38,91
say,37,92
may,37,93
see,37,94
hear,37,95
tell,37,96
such,37,97
must,36,98
were,36,99
titinius,36,100
first,35,101
more,35,102
give,35,103
hath,35,104
up,34,105
stand,34,106
love,34,107
one,34,108
how,34,109
an,33,110
mark,32,111
look,31,112
doth,30,113
death,30,114
where,29,115
second,29,116
portia,29,117
every,29,118
hand,29,119
much,29,120
fear,29,121
night,29,122
most,28,123
too,28,124
who,28,125
out,27,126
great,27,127
exeunt,27,128
any,27,129
had,27,130
heart,27,131
lucilius,27,132
make,26,133
time,26,134
exit,26,135
day,25,136
down,25,137
decius,25,138
friends,25,139
nor,24,140
blood,24,141
gods,24,142
forth,24,143
art,23,144
sir,23,145
bear,23,146
tis,23,147
think,23,148
done,23,149
take,23,150
till,22,151
friend,22,152
mine,21,153
myself,20,154
again,20,155
word,20,156
scene,19,157
can,19,158
today,19,159
about,19,160
capitol,19,161
off,19,162
leave,19,163
thing,19,164
fire,19,165
third,19,166
pindarus,19,167
ill,18,168
away,18,169
ho,18,170
part,18,171
ay,18,172
world,18,173
romans,18,174
metellus,18,175
made,17,176
find,17,177
peace,17,178
bid,17,179
could,17,180
true,17,181
meet,17,182
roman,17,183
never,17,184
even,17,185
cimber,17,186
within,17,187
die,17,188
wrong,17,189
live,16,190
ever,16,191
things,16,192
put,16,193
run,16,194
fly,16,195
spirit,16,196
thus,16,197
stay,16,198
trebonius,16,199
servant,16,200
fourth,16,201
poet,16,202
into,15,203
many,15,204
comes,15,205
cicero,15,206
before,15,207
himself,15,208
name,15,209
body,15,210
hands,15,211
better,15,212
honourable,15,213
cause,15,214
dead,15,215
house,15,216
follow,14,217
place,14,218
calpurnia,14,219
soothsayer,14,220
set,14,221
eyes,14,222
other,14,223
honour,14,224
unto,14,225
sword,14,226
mighty,14,227
ligarius,14,228
clitus,14,229
best,13,230
fellow,13,231
way,13,232
else,13,233
face,13,234
once,13,235
show,13,236
therefore,13,237
might,13,238
hold,13,239
hast,13,240
reenter,13,241
back,13,242
read,13,243
caius,13,244
publius,13,245
strato,13,246
hence,12,247
home,12,248
hearts,12,249
countrymen,12,250
march,12,251
very,12,252
yourself,12,253
life,12,254
words,12,255
rest,12,256
fell,12,257
mean,12,258
boy,12,259
brother,12,260
soldier,12,261
philippi,12,262
volumnius,12,263
get,11,264
answer,11,265
indeed,11,266
streets,11,267
her,11,268
fall,11,269
people,11,270
sick,11,271
crown,11,272
own,11,273
farewell,11,274
send,11,275
bears,11,276
lepidus,11,277
master,11,278
claudius,11,279
varro,11,280
being,10,281
dost,10,282
use,10,283
gone,10,284
poor,10,285
matter,10,286
keep,10,287
still,10,288
cry,10,289
gentle,10,290
general,10,291
said,10,292
ye,10,293
another,10,294
yours,10,295
nothing,10,296
sure,10,297
been,10,298
tonight,10,299
bloody,10,300
two,10,301
lie,10,302
bring,10,303
pardon,10,304
enemy,10,305
tent,10,306
field,10,307
cato,10,308
directly,9,309
work,9,310
moved,9,311
says,9,312
only,9,313
means,9,314
worthy,9,315
seek,9,316
common,9,317
after,9,318
same,9,319
under,9,320
enough,9,321
seen,9,322
sleep,9,323
last,9,324
those,9,325
citizens,9,326
full,9,327
strong,9,328
awake,9,329
young,9,330
traitors,9,331
street,8,332
flavius,8,333
marullus,8,334
walk,8,335
truly,8,336
bad,8,337
old,8,338
hard,8,339
saw,8,340
appear,8,341
remember,8,342
tongue,8,343
loves,8,344
turn,8,345
heard,8,346
dangerous,8,347
both,8,348
alas,8,349
dear,8,350
rather,8,351
mind,8,352
please,8,353
humour,8,354
ambitious,8,355
against,8,356
reasons,8,357
change,8,358
vile,8,359
stir,8,360
near,8,361
none,8,362
morrow,8,363
hour,8,364
along,8,365
welcome,8,366
talk,8,367
hark,8,368
battle,8,369
deed,8,370
didst,8,371
act,7,372
commoner,7,373
respect,7,374
lead,7,375
over,7,376
pray,7,377
shake,7,378
ides,7,379
strange,7,380
further,7,381
cannot,7,382
endure,7,383
thought,7,384
son,7,385
fashion,7,386
senators,7,387
offered,7,388
durst,7,389
three,7,390
tomorrow,7,391
enterprise,7,392
several,7,393
spirits,7,394
far,7,395
reason,7,396
kill,7,397
bed,7,398
lies,7,399
wife,7,400
end,7,401
she,7,402
artemidorus,7,403
whilst,7,404
letters,7,405
ghost,7,406
alarum,7,407
dardanius,7,408
certain,6,409
trade,6,410
nay,6,411
wherefore,6,412
pass,6,413
shout,6,414
pompeys,6,415
weep,6,416
whether,6,417
ii,6,418
ha,6,419
eye,6,420
since,6,421
virtue,6,422
free,6,423
cold,6,424
point,6,425
ere,6,426
fit,6,427
alone,6,428
believe,6,429
together,6,430
em,6,431
went,6,432
times,6,433
patience,6,434
high,6,435
weak,6,436
looks,6,437
through,6,438
themselves,6,439
right,6,440
thrice,6,441
came,6,442
cut,6,443
theres,6,444
fare,6,445
days,6,446
iii,6,447
left,6,448
voice,6,449
power,6,450
base,6,451
redress,6,452
goes,6,453
yes,6,454
call,6,455
found,6,456
wilt,6,457
hide,6,458
wish,6,459
hither,6,460
break,6,461
lets,6,462
fetch,6,463
yourselves,6,464
going,6,465
valiant,6,466
popilius,6,467
satisfied,6,468
pulpit,6,469
loved,6,470
though,6,471
enemies,6,472
funeral,6,473
gold,6,474
army,6,475
taen,6,476
without,5,477
tiber,5,478
perceive,5,479
above,5,480
flourish,5,481
course,5,482
antonius,5,483
press,5,484
long,5,485
angry,5,486
aside,5,487
cried,5,488
whose,5,489
honours,5,490
ourselves,5,491
masters,5,492
age,5,493
room,5,494
state,5,495
note,5,496
hes,5,497
smile,5,498
honest,5,499
marketplace,5,500
sickness,5,501
spoke,5,502
alive,5,503
worth,5,504
gives,5,505
opinion,5,506
wherein,5,507
brought,5,508
earth,5,509
clouds,5,510
heaven,5,511
burn,5,512
heavens,5,513
while,5,514
dagger,5,515
bondman,5,516
grief,5,517
griefs,5,518
awhile,5,519
need,5,520
taper,5,521
nature,5,522
grant,5,523
lest,5,524
took,5,525
little,5,526
ears,5,527
conspirators,5,528
seem,5,529
head,5,530
resolved,5,531
flatterers,5,532
gave,5,533
woman,5,534
brave,5,535
senate,5,536
prepare,5,537
blame,5,538
wine,5,539
madam,5,540
side,5,541
suit,5,542
sirrah,5,543
low,5,544
mutiny,5,545
instrument,5,546
pity,5,547
marcus,5,548
wounds,5,549
speech,5,550
offended,5,551
tear,5,552
soldiers,5,553
ride,5,554
julius,4,555
sign,4,556
safe,4,557
knave,4,558
wear,4,559
triumph,4,560
grace,4,561
worse,4,562
pompey,4,563
yea,4,564
arms,4,565
patient,4,566
light,4,567
fault,4,568
tears,4,569
ceremonies,4,570
public,4,571
among,4,572
speaks,4,573
speed,4,574
noise,4,575
music,4,576
beware,4,577
number,4,578
war,4,579
thoughts,4,580
king,4,581
flood,4,582
bade,4,583
coward,4,584
lose,4,585
write,4,586
feeble,4,587
sound,4,588
grown,4,589
present,4,590
lay,4,591
glad,4,592
struck,4,593
pluck,4,594
given,4,595
quite,4,596
deeds,4,597
smiles,4,598
behold,4,599
ear,4,600
chanced,4,601
sad,4,602
almost,4,603
air,4,604
taken,4,605
less,4,606
heads,4,607
news,4,608
minds,4,609
ambition,4,610
sight,4,611
held,4,612
sit,4,613
purpose,4,614
whos,4,615
known,4,616
faults,4,617
tempt,4,618
dreadful,4,619
kind,4,620
monstrous,4,621
fearful,4,622
pleasure,4,623
haste,4,624
begin,4,625
foot,4,626
already,4,627
offence,4,628
calld,4,629
round,4,630
prevent,4,631
strike,4,632
dream,4,633
half,4,634
oath,4,635
souls,4,636
doubt,4,637
does,4,638
morning,4,639
fast,4,640
health,4,641
wise,4,642
dare,4,643
dwell,4,644
senatehouse,4,645
teeth,4,646
prithee,4,647
wind,4,648
thine,4,649
others,4,650
constant,4,651
presently,4,652
ready,4,653
freedom,4,654
beg,4,655
move,4,656
liberty,4,657
years,4,658
swords,4,659
red,4,660
country,4,661
living,4,662
business,4,663
ground,4,664
thats,4,665
revenge,4,666
shalt,4,667
fortune,4,668
sake,4,669
villains,4,670
straight,4,671
wisely,4,672
powers,4,673
sardis,4,674
denied,4,675
legions,4,676
generals,4,677
gown,4,678
sirs,4,679
hill,4,680
idle,3,681
holiday,3,682
hope,3,683
beseech,3,684
saucy,3,685
matters,3,686
danger,3,687
proper,3,688
rejoice,3,689
conquest,3,690
brings,3,691
stones,3,692
cruel,3,693
knew,3,694
oft,3,695
walls,3,696
windows,3,697
shores,3,698
sort,3,699
kiss,3,700
images,3,701
pluckd,3,702
ordinary,3,703
crowd,3,704
forget,3,705
calls,3,706
turnd,3,707
throng,3,708
order,3,709
late,3,710
trouble,3,711
construe,3,712
breast,3,713
buried,3,714
itself,3,715
immortal,3,716
dangers,3,717
new,3,718
toward,3,719
awe,3,720
born,3,721
yonder,3,722
sink,3,723
become,3,724
god,3,725
bend,3,726
lips,3,727
groan,3,728
palm,3,729
huge,3,730
graves,3,731
fates,3,732
mouth,3,733
heavy,3,734
soon,3,735
names,3,736
entreat,3,737
consider,3,738
train,3,739
brow,3,740
fiery,3,741
conference,3,742
has,3,743
greater,3,744
marry,3,745
wast,3,746
manner,3,747
twas,3,748
neither,3,749
told,3,750
thinking,3,751
fingers,3,752
refused,3,753
because,3,754
according,3,755
hell,3,756
amiss,3,757
stood,3,758
soul,3,759
mothers,3,760
neer,3,761
silence,3,762
mettle,3,763
bold,3,764
form,3,765
thunder,3,766
lightning,3,767
stare,3,768
rage,3,769
either,3,770
lion,3,771
hundred,3,772
women,3,773
bosom,3,774
cross,3,775
quality,3,776
children,3,777
limbs,3,778
ancestors,3,779
save,3,780
therein,3,781
besides,3,782
tyranny,3,783
trash,3,784
led,3,785
close,3,786
t,3,787
content,3,788
paper,3,789
statue,3,790
hie,3,791
parts,3,792
brutuss,3,793
crownd,3,794
question,3,795
truth,3,796
proof,3,797
turns,3,798
sleepst,3,799
piece,3,800
mans,3,801
promise,3,802
knocks,3,803
motion,3,804
desire,3,805
conspiracy,3,806
evils,3,807
sun,3,808
swear,3,809
drop,3,810
cowards,3,811
steel,3,812
spur,3,813
honesty,3,814
commend,3,815
bleed,3,816
clock,3,817
gentlemen,3,818
constancy,3,819
rise,3,820
condition,3,821
answerd,3,822
fearing,3,823
withal,3,824
kneel,3,825
secrets,3,826
drops,3,827
visit,3,828
whats,3,829
leads,3,830
success,3,831
dying,3,832
taste,3,833
seeing,3,834
shame,3,835
knows,3,836
wisdom,3,837
heres,3,838
hail,3,839
happy,3,840
private,3,841
apt,3,842
yield,3,843
early,3,844
oclock,3,845
thank,3,846
iv,3,847
lady,3,848
urge,3,849
makes,3,850
sudden,3,851
fools,3,852
sweet,3,853
stab,3,854
dies,3,855
standing,3,856
fled,3,857
stoop,3,858
honourd,3,859
affairs,3,860
depart,3,861
glories,3,862
receive,3,863
prickd,3,864
regard,3,865
consent,3,866
permission,3,867
advantage,3,868
noblest,3,869
lived,3,870
hot,3,871
coming,3,872
judge,3,873
slew,3,874
joy,3,875
enforced,3,876
bones,3,877
ran,3,878
charge,3,879
bachelor,3,880
briefly,3,881
answered,3,882
proscription,3,883
horse,3,884
fight,3,885
friendly,3,886
mother,3,887
tidings,3,888
died,3,889
alarums,3,890
commoners,2,891
creatures,2,892
ought,2,893
leather,2,894
rule,2,895
cobbler,2,896
mend,2,897
awl,2,898
shoes,2,899
infants,2,900
underneath,2,901
banks,2,902
houses,2,903
knees,2,904
ingratitude,2,905
draw,2,906
stream,2,907
exalted,2,908
metal,2,909
towards,2,910
feast,2,911
lupercal,2,912
hung,2,913
drive,2,914
thick,2,915
growing,2,916
wing,2,917
following,2,918
touch,2,919
holy,2,920
curse,2,921
ceremony,2,922
bids,2,923
sennet,2,924
except,2,925
quick,2,926
observe,2,927
deceived,2,928
countenance,2,929
perhaps,2,930
shows,2,931
passion,2,932
sees,2,933
reflection,2,934
just,2,935
worthiness,2,936
speaking,2,937
groaning,2,938
ages,2,939
yoke,2,940
wishd,2,941
discover,2,942
jealous,2,943
fawn,2,944
choose,2,945
aught,2,946
favour,2,947
raw,2,948
leap,2,949
swim,2,950
lusty,2,951
help,2,952
creature,2,953
nod,2,954
colour,2,955
drink,2,956
temper,2,957
start,2,958
narrow,2,959
stars,2,960
fair,2,961
lost,2,962
breed,2,963
bloods,2,964
fathers,2,965
devil,2,966
aim,2,967
hereafter,2,968
conditions,2,969
proceeded,2,970
spot,2,971
calpurnias,2,972
pale,2,973
crossd,2,974
nights,2,975
yond,2,976
lean,2,977
thinks,2,978
liable,2,979
reads,2,980
plays,2,981
ease,2,982
feard,2,983
ask,2,984
shouted,2,985
foolery,2,986
choked,2,987
laugh,2,988
soft,2,989
theatre,2,990
ope,2,991
heed,2,992
greek,2,993
effect,2,994
blunt,2,995
school,2,996
wit,2,997
digest,2,998
disposed,2,999
throw,2,1000
tending,2,1001
holds,2,1002
seat,2,1003
sides,2,1004
drawn,2,1005
rived,2,1006
swell,2,1007
civil,2,1008
strife,2,1009
destruction,2,1010
twenty,2,1011
joind,2,1012
swore,2,1013
yesterday,2,1014
prodigies,2,1015
walkd,2,1016
unbraced,2,1017
seemd,2,1018
open,2,1019
tremble,2,1020
sparks,2,1021
cast,2,1022
wonder,2,1023
impatience,2,1024
ghosts,2,1025
beasts,2,1026
fool,2,1027
instruments,2,1028
opens,2,1029
thyself,2,1030
personal,2,1031
action,2,1032
woe,2,1033
governd,2,1034
sufferance,2,1035
sea,2,1036
italy,2,1037
bondage,2,1038
deliver,2,1039
tyrants,2,1040
strength,2,1041
weary,2,1042
tyrant,2,1043
serves,2,1044
willing,2,1045
armd,2,1046
porch,2,1047
walking,2,1048
terrible,2,1049
incorporate,2,1050
stayd,2,1051
sights,2,1052
praetors,2,1053
chair,2,1054
window,2,1055
repair,2,1056
bestow,2,1057
ours,2,1058
next,2,1059
spurn,2,1060
sting,2,1061
abuse,2,1062
swayd,2,1063
ambitions,2,1064
ladder,2,1065
whereto,2,1066
grow,2,1067
closet,2,1068
flint,2,1069
letter,2,1070
,2,1071
c,2,1072
often,2,1073
knocking,2,1074
slept,2,1075
between,2,1076
council,2,1077
door,2,1078
faces,2,1079
prevention,2,1080
whisper,2,1081
east,2,1082
fret,2,1083
confess,2,1084
higher,2,1085
stands,2,1086
betimes,2,1087
each,2,1088
valour,2,1089
prick,2,1090
bond,2,1091
secret,2,1092
priests,2,1093
wrongs,2,1094
mens,2,1095
judgment,2,1096
ruled,2,1097
wildness,2,1098
touchd,2,1099
urged,2,1100
envy,2,1101
butchers,2,1102
hounds,2,1103
necessary,2,1104
envious,2,1105
murderers,2,1106
arm,2,1107
fantasy,2,1108
dreams,2,1109
terror,2,1110
augurers,2,1111
lions,2,1112
bent,2,1113
uttermost,2,1114
fresh,2,1115
purposes,2,1116
asleep,2,1117
slumber,2,1118
care,2,1119
draws,2,1120
suck,2,1121
steal,2,1122
unfold,2,1123
seven,2,1124
comfort,2,1125
catos,2,1126
wound,2,1127
render,2,1128
brows,2,1129
vouchsafe,2,1130
exploit,2,1131
impossible,2,1132
whole,2,1133
sufficeth,2,1134
watch,2,1135
fierce,2,1136
horses,2,1137
princes,2,1138
entrails,2,1139
offering,2,1140
beast,2,1141
elder,2,1142
knee,2,1143
false,2,1144
stretchd,2,1145
afraid,2,1146
dreamt,2,1147
statua,2,1148
smiling,2,1149
bathe,2,1150
fortunate,2,1151
lo,2,1152
fears,2,1153
strucken,2,1154
courtesy,2,1155
store,2,1156
reading,2,1157
wronged,2,1158
defend,2,1159
lover,2,1160
suitor,2,1161
mayst,2,1162
shouldst,2,1163
tween,2,1164
sickly,2,1165
suitors,2,1166
listen,2,1167
ist,2,1168
knowst,2,1169
intended,2,1170
chance,2,1171
heels,2,1172
merry,2,1173
severally,2,1174
humble,2,1175
touches,2,1176
served,2,1177
mad,2,1178
thrive,2,1179
lena,2,1180
slay,2,1181
prefer,2,1182
decree,2,1183
cur,2,1184
banishd,2,1185
enfranchisement,2,1186
rank,2,1187
olympus,2,1188
proclaim,2,1189
harm,2,1190
rushing,2,1191
mischief,2,1192
abide,2,1193
pleasures,2,1194
cuts,2,1195
benefit,2,1196
oer,2,1197
unknown,2,1198
royal,2,1199
deserved,2,1200
thorough,2,1201
faith,2,1202
rich,2,1203
bleeding,2,1204
leaden,2,1205
reverence,2,1206
beside,2,1207
credit,2,1208
dearer,2,1209
corse,2,1210
weeping,2,1211
bayd,2,1212
hart,2,1213
spoil,2,1214
spectacle,2,1215
moreover,2,1216
contented,2,1217
rites,2,1218
ended,2,1219
tide,2,1220
shed,2,1221
dumb,2,1222
mouths,2,1223
utterance,2,1224
familiar,2,1225
quarterd,2,1226
burial,2,1227
apart,2,1228
sorrow,2,1229
mourning,2,1230
try,2,1231
issue,2,1232
lend,2,1233
audience,2,1234
rendered,2,1235
lovers,2,1236
demand,2,1237
slaves,2,1238
pause,2,1239
glory,2,1240
shouts,2,1241
corpse,2,1242
beholding,2,1243
rid,2,1244
bury,2,1245
evil,2,1246
fill,2,1247
methinks,2,1248
begins,2,1249
seal,2,1250
commons,2,1251
testament,2,1252
hair,2,1253
heirs,2,1254
daggers,2,1255
stabbd,2,1256
ring,2,1257
descend,2,1258
mantle,2,1259
overcame,2,1260
doors,2,1261
angel,2,1262
revenged,2,1263
plain,2,1264
drachmas,2,1265
walks,2,1266
abroad,2,1267
brands,2,1268
something,2,1269
whither,2,1270
married,2,1271
pieces,2,1272
conspirator,2,1273
verses,2,1274
slight,2,1275
ass,2,1276
sweat,2,1277
having,2,1278
tried,2,1279
perils,2,1280
camp,2,1281
drum,2,1282
received,2,1283
gallant,2,1284
softly,2,1285
armies,2,1286
commanders,2,1287
condemnd,2,1288
bribes,2,1289
itching,2,1290
sell,2,1291
chastisement,2,1292
justice,2,1293
bay,2,1294
practise,2,1295
rash,2,1296
bondmen,2,1297
mirth,2,1298
laughter,2,1299
sorry,2,1300
raise,2,1301
money,2,1302
pay,2,1303
worst,2,1304
lovedst,2,1305
illtemperd,2,1306
forgetful,2,1307
immediately,2,1308
bowl,2,1309
philosophy,2,1310
bills,2,1311
marching,2,1312
bound,2,1313
canst,2,1314
strain,2,1315
duty,2,1316
comest,2,1317
v,2,1318
battles,2,1319
messenger,2,1320
blows,2,1321
strokes,2,1322
witness,2,1323
showd,2,1324
partly,2,1325
ensign,2,1326
parting,2,1327
push,2,1328
enclosed,2,1329
tents,2,1330
spurs,2,1331
troops,2,1332
prisoner,2,1333
killd,2,1334
mistrust,2,1335
error,2,1336
thrusting,2,1337
slain,2,1338
countrys,2,1339
diest,2,1340
assure,2,1341
whispers,2,1342
runs,2,1343
attain,2,1344
mechanical,1,1345
labouring,1,1346
profession,1,1347
carpenter,1,1348
apron,1,1349
apparel,1,1350
fine,1,1351
workman,1,1352
conscience,1,1353
mender,1,1354
soles,1,1355
naughty,1,1356
meanest,1,1357
cobble,1,1358
meddle,1,1359
tradesmans,1,1360
womens,1,1361
surgeon,1,1362
recover,1,1363
trod,1,1364
neats,1,1365
handiwork,1,1366
shop,1,1367
tributaries,1,1368
captive,1,1369
bonds,1,1370
chariotwheels,1,1371
blocks,1,1372
senseless,1,1373
climbd,1,1374
battlements,1,1375
towers,1,1376
chimneytops,1,1377
sat,1,1378
livelong,1,1379
expectation,1,1380
chariot,1,1381
universal,1,1382
trembled,1,1383
replication,1,1384
sounds,1,1385
concave,1,1386
attire,1,1387
cull,1,1388
strew,1,1389
flowers,1,1390
intermit,1,1391
plague,1,1392
needs,1,1393
assemble,1,1394
channel,1,1395
lowest,1,1396
basest,1,1397
vanish,1,1398
tonguetied,1,1399
guiltiness,1,1400
disrobe,1,1401
deckd,1,1402
trophies,1,1403
vulgar,1,1404
feathers,1,1405
pitch,1,1406
soar,1,1407
view,1,1408
servile,1,1409
fearfulness,1,1410
elders,1,1411
barren,1,1412
touched,1,1413
chase,1,1414
sterile,1,1415
performd,1,1416
shriller,1,1417
sayst,1,1418
dreamer,1,1419
gamesome,1,1420
lack,1,1421
hinder,1,1422
desires,1,1423
gentleness,1,1424
wont,1,1425
stubborn,1,1426
veild,1,1427
merely,1,1428
vexed,1,1429
passions,1,1430
difference,1,1431
conceptions,1,1432
soil,1,1433
behaviors,1,1434
grieved,1,1435
neglect,1,1436
forgets,1,1437
mistook,1,1438
whereof,1,1439
value,1,1440
cogitations,1,1441
lamented,1,1442
mirrors,1,1443
hidden,1,1444
shadow,1,1445
prepared,1,1446
glass,1,1447
modestly,1,1448
laugher,1,1449
stale,1,1450
oaths,1,1451
protester,1,1452
hug,1,1453
scandal,1,1454
profess,1,1455
banqueting,1,1456
rout,1,1457
shouting,1,1458
impart,1,1459
indifferently,1,1460
outward,1,1461
subject,1,1462
story,1,1463
single,1,1464
self,1,1465
lief,1,1466
fed,1,1467
winters,1,1468
gusty,1,1469
troubled,1,1470
chafing,1,1471
darest,1,1472
accoutred,1,1473
plunged,1,1474
torrent,1,1475
roard,1,1476
buffet,1,1477
sinews,1,1478
throwing,1,1479
stemming,1,1480
controversy,1,1481
arrive,1,1482
proposed,1,1483
aeneas,1,1484
ancestor,1,1485
flames,1,1486
troy,1,1487
shoulder,1,1488
anchises,1,1489
waves,1,1490
tired,1,1491
wretched,1,1492
carelessly,1,1493
fever,1,1494
spain,1,1495
lustre,1,1496
speeches,1,1497
books,1,1498
girl,1,1499
amaze,1,1500
majestic,1,1501
applauses,1,1502
heapd,1,1503
bestride,1,1504
colossus,1,1505
petty,1,1506
legs,1,1507
peep,1,1508
dishonourable,1,1509
underlings,1,1510
sounded,1,1511
weigh,1,1512
conjure,1,1513
meat,1,1514
feed,1,1515
shamed,1,1516
famed,1,1517
talkd,1,1518
wide,1,1519
encompassd,1,1520
brookd,1,1521
eternal,1,1522
easily,1,1523
recount,1,1524
chew,1,1525
villager,1,1526
repute,1,1527
games,1,1528
returning,1,1529
sleeve,1,1530
sour,1,1531
glow,1,1532
chidden,1,1533
cheek,1,1534
ferret,1,1535
fat,1,1536
sleekheaded,1,1537
hungry,1,1538
fatter,1,1539
avoid,1,1540
spare,1,1541
observer,1,1542
hears,1,1543
seldom,1,1544
mockd,1,1545
scornd,1,1546
whiles,1,1547
always,1,1548
deaf,1,1549
thinkst,1,1550
pulld,1,1551
cloak,1,1552
ashouting,1,1553
gentler,1,1554
puttingby,1,1555
neighbours,1,1556
hanged,1,1557
mere,1,1558
offer,1,1559
crownyet,1,1560
coronetsand,1,1561
fain,1,1562
loath,1,1563
rabblement,1,1564
hooted,1,1565
clapped,1,1566
chapped,1,1567
threw,1,1568
sweaty,1,1569
nightcaps,1,1570
uttered,1,1571
deal,1,1572
stinking,1,1573
breath,1,1574
swounded,1,1575
opening,1,1576
receiving,1,1577
swound,1,1578
foamed,1,1579
speechless,1,1580
failing,1,1581
falling,1,1582
tagrag,1,1583
clap,1,1584
hiss,1,1585
pleased,1,1586
displeased,1,1587
players,1,1588
perceived,1,1589
herd,1,1590
plucked,1,1591
doublet,1,1592
throat,1,1593
occupation,1,1594
rogues,1,1595
desired,1,1596
worships,1,1597
infirmity,1,1598
four,1,1599
wenches,1,1600
forgave,1,1601
stabbed,1,1602
understood,1,1603
smiled,1,1604
shook,1,1605
pulling,1,1606
scarfs,1,1607
sup,1,1608
promised,1,1609
dine,1,1610
dinner,1,1611
eating,1,1612
expect,1,1613
execution,1,1614
however,1,1615
puts,1,1616
tardy,1,1617
rudeness,1,1618
sauce,1,1619
stomach,1,1620
appetite,1,1621
wait,1,1622
wrought,1,1623
likes,1,1624
firm,1,1625
seduced,1,1626
writings,1,1627
obscurely,1,1628
glanced,1,1629
opposite,1,1630
breathless,1,1631
sway,1,1632
shakes,1,1633
unfirm,1,1634
tempests,1,1635
scolding,1,1636
winds,1,1637
knotty,1,1638
oaks,1,1639
ocean,1,1640
foam,1,1641
threatening,1,1642
tempest,1,1643
dropping,1,1644
incenses,1,1645
wonderful,1,1646
slaveyou,1,1647
flame,1,1648
torches,1,1649
sensible,1,1650
remaind,1,1651
unscorchd,1,1652
besidesi,1,1653
met,1,1654
glared,1,1655
surly,1,1656
annoying,1,1657
heap,1,1658
ghastly,1,1659
transformed,1,1660
bird,1,1661
noonday,1,1662
hooting,1,1663
shrieking,1,1664
conjointly,1,1665
natural,1,1666
portentous,1,1667
climate,1,1668
strangedisposed,1,1669
clean,1,1670
disturbed,1,1671
sky,1,1672
pleasing,1,1673
menace,1,1674
submitting,1,1675
perilous,1,1676
bared,1,1677
thunderstone,1,1678
blue,1,1679
flash,1,1680
tokens,1,1681
heralds,1,1682
astonish,1,1683
dull,1,1684
want,1,1685
gaze,1,1686
fires,1,1687
gliding,1,1688
birds,1,1689
calculate,1,1690
ordinance,1,1691
natures,1,1692
preformed,1,1693
faculties,1,1694
qualitywhy,1,1695
infused,1,1696
warning,1,1697
thunders,1,1698
lightens,1,1699
roars,1,1700
mightier,1,1701
prodigious,1,1702
eruptions,1,1703
thews,1,1704
womanish,1,1705
establish,1,1706
land,1,1707
defeat,1,1708
stony,1,1709
tower,1,1710
beaten,1,1711
brass,1,1712
airless,1,1713
dungeon,1,1714
links,1,1715
iron,1,1716
retentive,1,1717
worldly,1,1718
bars,1,1719
lacks,1,1720
dismiss,1,1721
cancel,1,1722
captivity,1,1723
wolf,1,1724
sheep,1,1725
hinds,1,1726
straws,1,1727
rubbish,1,1728
offal,1,1729
illuminate,1,1730
indifferent,1,1731
fleering,1,1732
telltale,1,1733
factious,1,1734
farthest,1,1735
bargain,1,1736
noblestminded,1,1737
undergo,1,1738
honourabledangerous,1,1739
consequence,1,1740
complexion,1,1741
element,1,1742
favours,1,1743
gait,1,1744
attempts,1,1745
win,1,1746
party,1,1747
wax,1,1748
papers,1,1749
entire,1,1750
encounter,1,1751
yields,1,1752
sits,1,1753
peoples,1,1754
richest,1,1755
alchemy,1,1756
conceited,1,1757
midnight,1,1758
orchard,1,1759
progress,1,1760
guess,1,1761
soundly,1,1762
study,1,1763
lighted,1,1764
bright,1,1765
adder,1,1766
craves,1,1767
wary,1,1768
himthat,1,1769
greatness,1,1770
disjoins,1,1771
remorse,1,1772
affections,1,1773
lowliness,1,1774
climberupward,1,1775
attains,1,1776
upmost,1,1777
scorning,1,1778
degrees,1,1779
ascend,1,1780
quarrel,1,1781
augmented,1,1782
extremities,1,1783
serpents,1,1784
egg,1,1785
hatchd,1,1786
mischievous,1,1787
shell,1,1788
burneth,1,1789
searching,1,1790
seald,1,1791
calendar,1,1792
exhalations,1,1793
whizzing,1,1794
instigations,1,1795
droppd,1,1796
tarquin,1,1797
entreated,1,1798
receivest,1,1799
petition,1,1800
wasted,1,1801
fourteen,1,1802
gate,1,1803
somebody,1,1804
whet,1,1805
acting,1,1806
interim,1,1807
phantasma,1,1808
hideous,1,1809
genius,1,1810
mortal,1,1811
kingdom,1,1812
suffers,1,1813
insurrection,1,1814
moe,1,1815
hats,1,1816
cloaks,1,1817
faction,1,1818
shamest,1,1819
cavern,1,1820
dark,1,1821
mask,1,1822
visage,1,1823
affability,1,1824
path,1,1825
native,1,1826
semblance,1,1827
erebus,1,1828
dim,1,1829
watchful,1,1830
cares,1,1831
interpose,1,1832
betwixt,1,1833
yon,1,1834
gray,1,1835
lines,1,1836
messengers,1,1837
arises,1,1838
south,1,1839
weighing,1,1840
youthful,1,1841
season,1,1842
year,1,1843
months,1,1844
north,1,1845
presents,1,1846
resolution,1,1847
motives,1,1848
highsighted,1,1849
range,1,1850
lottery,1,1851
kindle,1,1852
melting,1,1853
palter,1,1854
engaged,1,1855
cautelous,1,1856
carrions,1,1857
suffering,1,1858
causes,1,1859
stain,1,1860
insuppressive,1,1861
performance,1,1862
nobly,1,1863
guilty,1,1864
bastardy,1,1865
smallest,1,1866
particle,1,1867
passd,1,1868
silver,1,1869
hairs,1,1870
purchase,1,1871
buy,1,1872
voices,1,1873
youths,1,1874
whit,1,1875
gravity,1,1876
beloved,1,1877
outlive,1,1878
shrewd,1,1879
contriver,1,1880
improve,1,1881
stretch,1,1882
annoy,1,1883
hack,1,1884
wrath,1,1885
afterwards,1,1886
limb,1,1887
sacrificers,1,1888
dismember,1,1889
boldly,1,1890
wrathfully,1,1891
carve,1,1892
dish,1,1893
hew,1,1894
carcass,1,1895
subtle,1,1896
servants,1,1897
chide,1,1898
appearing,1,1899
purgers,1,1900
ingrafted,1,1901
sports,1,1902
company,1,1903
strikes,1,1904
count,1,1905
stricken,1,1906
doubtful,1,1907
superstitious,1,1908
main,1,1909
apparent,1,1910
unaccustomd,1,1911
persuasion,1,1912
oersway,1,1913
unicorns,1,1914
betrayd,1,1915
trees,1,1916
glasses,1,1917
elephants,1,1918
holes,1,1919
toils,1,1920
hates,1,1921
flattered,1,1922
eighth,1,1923
fail,1,1924
rated,1,1925
s,1,1926
disperse,1,1927
merrily,1,1928
actors,1,1929
untired,1,1930
formal,1,1931
enjoy,1,1932
honeyheavy,1,1933
dew,1,1934
figures,1,1935
fantasies,1,1936
busy,1,1937
brains,1,1938
commit,1,1939
youve,1,1940
ungently,1,1941
stole,1,1942
yesternight,1,1943
supper,1,1944
suddenly,1,1945
arose,1,1946
musing,1,1947
sighing,1,1948
across,1,1949
askd,1,1950
stared,1,1951
ungentle,1,1952
scratchd,1,1953
impatiently,1,1954
stampd,1,1955
insisted,1,1956
wafture,1,1957
strengthen,1,1958
enkindled,1,1959
hoping,1,1960
sometime,1,1961
eat,1,1962
shape,1,1963
prevaild,1,1964
acquainted,1,1965
embrace,1,1966
physical,1,1967
humours,1,1968
dank,1,1969
wholesome,1,1970
contagion,1,1971
rheumy,1,1972
unpurged,1,1973
add,1,1974
charm,1,1975
oncecommended,1,1976
beauty,1,1977
vows,1,1978
vow,1,1979
resort,1,1980
six,1,1981
darkness,1,1982
marriage,1,1983
excepted,1,1984
appertain,1,1985
limitation,1,1986
meals,1,1987
sometimes,1,1988
suburbs,1,1989
harlot,1,1990
ruddy,1,1991
wellreputed,1,1992
daughter,1,1993
stronger,1,1994
sex,1,1995
fatherd,1,1996
husbanded,1,1997
counsels,1,1998
disclose,1,1999
giving,1,2000
voluntary,1,2001
thigh,1,2002
husbands,1,2003
partake,1,2004
engagements,1,2005
charactery,1,2006
spake,1,2007
chose,1,2008
kerchief,1,2009
healthful,1,2010
bow,1,2011
discard,1,2012
derived,1,2013
loins,1,2014
exorcist,1,2015
conjured,1,2016
mortified,1,2017
strive,1,2018
also,1,2019
whom,1,2020
newfired,1,2021
nightgown,1,2022
murder,1,2023
sacrifice,1,2024
opinions,1,2025
threatend,1,2026
lookd,1,2027
vanished,1,2028
fright,1,2029
recounts,1,2030
horrid,1,2031
lioness,1,2032
whelped,1,2033
yawnd,1,2034
yielded,1,2035
warriors,1,2036
fought,1,2037
ranks,1,2038
squadrons,1,2039
drizzled,1,2040
hurtled,1,2041
neigh,1,2042
shriek,1,2043
squeal,1,2044
beyond,1,2045
avoided,1,2046
purposed,1,2047
predictions,1,2048
beggars,1,2049
comets,1,2050
blaze,1,2051
deaths,1,2052
wonders,1,2053
seems,1,2054
plucking,1,2055
cowardice,1,2056
litterd,1,2057
consumed,1,2058
confidence,1,2059
keeps,1,2060
prevail,1,2061
greeting,1,2062
falser,1,2063
graybeards,1,2064
laughd,1,2065
satisfy,1,2066
satisfaction,1,2067
stays,1,2068
fountain,1,2069
spouts,1,2070
pure,1,2071
apply,1,2072
warnings,1,2073
portents,1,2074
imminent,1,2075
beggd,1,2076
interpreted,1,2077
vision,1,2078
spouting,1,2079
pipes,1,2080
bathed,1,2081
signifies,1,2082
reviving,1,2083
tinctures,1,2084
stains,1,2085
relics,1,2086
cognizance,1,2087
signified,1,2088
expounded,1,2089
concluded,1,2090
mock,1,2091
renderd,1,2092
proceeding,1,2093
foolish,1,2094
ashamed,1,2095
robe,1,2096
stirrd,1,2097
ague,1,2098
eight,1,2099
pains,1,2100
revels,1,2101
notwithstanding,1,2102
waited,1,2103
hours,1,2104
straightway,1,2105
yearns,1,2106
trust,1,2107
beest,1,2108
security,1,2109
laments,1,2110
emulation,1,2111
contrive,1,2112
errand,1,2113
mountain,1,2114
womans,1,2115
counsel,1,2116
return,1,2117
bustling,1,2118
rumour,1,2119
fray,1,2120
sooth,1,2121
ninth,1,2122
befriend,1,2123
harms,1,2124
follows,1,2125
void,1,2126
faint,1,2127
sitting,1,2128
schedule,1,2129
oerread,1,2130
leisure,1,2131
mines,1,2132
nearer,1,2133
ourself,1,2134
delay,1,2135
instantly,1,2136
petitions,1,2137
advances,1,2138
discovered,1,2139
addressd,1,2140
rears,1,2141
puissant,1,2142
throws,1,2143
kneeling,1,2144
couchings,1,2145
lowly,1,2146
courtesies,1,2147
preordinance,1,2148
law,1,2149
fond,1,2150
rebel,1,2151
thawd,1,2152
melteth,1,2153
lowcrooked,1,2154
courtsies,1,2155
spanielfawning,1,2156
banished,1,2157
sweetly,1,2158
repealing,1,2159
flattery,1,2160
desiring,1,2161
immediate,1,2162
repeal,1,2163
prayers,1,2164
northern,1,2165
star,1,2166
truefixd,1,2167
resting,1,2168
firmament,1,2169
skies,1,2170
painted,1,2171
unnumberd,1,2172
shine,1,2173
furnishd,1,2174
flesh,1,2175
apprehensive,1,2176
unassailable,1,2177
unshaked,1,2178
remain,1,2179
lift,1,2180
bootless,1,2181
et,1,2182
tu,1,2183
brute,1,2184
pulpits,1,2185
affrighted,1,2186
stiff,1,2187
debt,1,2188
paid,1,2189
wheres,1,2190
confounded,1,2191
cheer,1,2192
person,1,2193
doers,1,2194
amazed,1,2195
wives,1,2196
doomsday,1,2197
drawing,1,2198
abridged,1,2199
elbows,1,2200
besmear,1,2201
waving,1,2202
weapons,1,2203
wash,1,2204
lofty,1,2205
acted,1,2206
states,1,2207
unborn,1,2208
accents,1,2209
sport,1,2210
basis,1,2211
worthier,1,2212
dust,1,2213
knot,1,2214
boldest,1,2215
antonys,1,2216
prostrate,1,2217
loving,1,2218
safely,1,2219
fortunes,1,2220
hazards,1,2221
untrod,1,2222
untouchd,1,2223
misgiving,1,2224
falls,1,2225
shrewdly,1,2226
conquests,1,2227
triumphs,1,2228
spoils,1,2229
shrunk,1,2230
measure,1,2231
intend,1,2232
purpled,1,2233
reek,1,2234
smoke,1,2235
fulfil,1,2236
thousand,1,2237
choice,1,2238
pitiful,1,2239
drives,1,2240
points,1,2241
malice,1,2242
brothers,1,2243
disposing,1,2244
dignities,1,2245
appeased,1,2246
multitude,1,2247
allalas,1,2248
slippery,1,2249
ways,1,2250
conceit,1,2251
flatterer,1,2252
grieve,1,2253
anthony,1,2254
making,1,2255
shaking,1,2256
foes,1,2257
presence,1,2258
terms,1,2259
friendship,1,2260
hunters,1,2261
signd,1,2262
crimsond,1,2263
lethe,1,2264
forest,1,2265
deer,1,2266
modesty,1,2267
praising,1,2268
compact,1,2269
depend,1,2270
looking,1,2271
savage,1,2272
produce,1,2273
becomes,1,2274
utter,1,2275
protest,1,2276
lawful,1,2277
devise,1,2278
dot,1,2279
meek,1,2280
ruins,1,2281
costly,1,2282
prophesy,1,2283
ruby,1,2284
domestic,1,2285
fury,1,2286
cumber,1,2287
objects,1,2288
custom,1,2289
ranging,1,2290
ate,1,2291
confines,1,2292
monarchs,1,2293
havoc,1,2294
slip,1,2295
dogs,1,2296
foul,1,2297
smell,1,2298
carrion,1,2299
serve,1,2300
big,1,2301
catching,1,2302
beads,1,2303
began,1,2304
water,1,2305
leagues,1,2306
post,1,2307
safety,1,2308
borne,1,2309
oration,1,2310
discourse,1,2311
forum,1,2312
numbers,1,2313
compare,1,2314
ascended,1,2315
silent,1,2316
censure,1,2317
senses,1,2318
assembly,1,2319
rose,1,2320
rude,1,2321
reply,1,2322
enrolled,1,2323
extenuated,1,2324
offences,1,2325
suffered,1,2326
mourned,1,2327
commonwealth,1,2328
departthat,1,2329
clamours,1,2330
allowd,1,2331
finds,1,2332
twere,1,2333
blest,1,2334
praise,1,2335
lives,1,2336
interred,1,2337
grievous,1,2338
grievously,1,2339
faithful,1,2340
captives,1,2341
ransoms,1,2342
coffers,1,2343
wept,1,2344
sterner,1,2345
stuff,1,2346
presented,1,2347
kingly,1,2348
refuse,1,2349
disprove,1,2350
withholds,1,2351
mourn,1,2352
brutish,1,2353
coffin,1,2354
sayings,1,2355
rightly,1,2356
markd,1,2357
nobler,1,2358
parchment,1,2359
dip,1,2360
napkins,1,2361
sacred,1,2362
memory,1,2363
mention,1,2364
wills,1,2365
bequeathing,1,2366
legacy,1,2367
wood,1,2368
bearing,1,2369
inflame,1,2370
oershot,1,2371
compel,1,2372
hearse,1,2373
summers,1,2374
evening,1,2375
nervii,1,2376
rent,1,2377
wellbeloved,1,2378
cursed,1,2379
followd,1,2380
unkindly,1,2381
knockd,1,2382
dearly,1,2383
unkindest,1,2384
vanquishd,1,2385
burst,1,2386
muffling,1,2387
treason,1,2388
flourishd,1,2389
feel,1,2390
dint,1,2391
gracious,1,2392
vesture,1,2393
wounded,1,2394
marrd,1,2395
piteous,1,2396
woful,1,2397
traitor,1,2398
orator,1,2399
ruffle,1,2400
forgot,1,2401
seventyfive,1,2402
arbours,1,2403
newplanted,1,2404
orchards,1,2405
recreate,1,2406
benches,1,2407
forms,1,2408
afoot,1,2409
thither,1,2410
mood,1,2411
madmen,1,2412
gates,1,2413
belike,1,2414
notice,1,2415
unlucky,1,2416
wander,1,2417
youll,1,2418
bang,1,2419
proceed,1,2420
dwellingbriefly,1,2421
firebrands,1,2422
cascas,1,2423
seated,1,2424
table,1,2425
sisters,1,2426
damn,1,2427
determine,1,2428
legacies,1,2429
unmeritable,1,2430
sent,1,2431
errands,1,2432
threefold,1,2433
divided,1,2434
share,1,2435
black,1,2436
sentence,1,2437
divers,1,2438
slanderous,1,2439
loads,1,2440
driven,1,2441
treasure,1,2442
load,1,2443
empty,1,2444
graze,1,2445
appoint,1,2446
provender,1,2447
teach,1,2448
stop,1,2449
corporal,1,2450
taught,1,2451
traind,1,2452
barrenspirited,1,2453
feeds,1,2454
abjects,1,2455
orts,1,2456
imitations,1,2457
staled,1,2458
property,1,2459
thingsbrutus,1,2460
levying,1,2461
alliance,1,2462
combined,1,2463
covert,1,2464
disclosed,1,2465
surest,1,2466
stake,1,2467
millions,1,2468
mischiefs,1,2469
meeting,1,2470
salutation,1,2471
greets,1,2472
officers,1,2473
undone,1,2474
doubted,1,2475
instances,1,2476
used,1,2477
described,1,2478
cooling,1,2479
sicken,1,2480
decay,1,2481
useth,1,2482
tricks,1,2483
simple,1,2484
hollow,1,2485
crests,1,2486
deceitful,1,2487
jades,1,2488
trial,1,2489
arrived,1,2490
gently,1,2491
sober,1,2492
hides,1,2493
wrangle,1,2494
enlarge,1,2495
charges,1,2496
guard,1,2497
wrongd,1,2498
noted,1,2499
pella,1,2500
taking,1,2501
sardians,1,2502
praying,1,2503
slighted,1,2504
case,1,2505
nice,1,2506
comment,1,2507
mart,1,2508
offices,1,2509
undeservers,1,2510
corruption,1,2511
villain,1,2512
foremost,1,2513
supporting,1,2514
robbers,1,2515
contaminate,1,2516
space,1,2517
large,1,2518
grasped,1,2519
dog,1,2520
moon,1,2521
hedge,1,2522
older,1,2523
abler,1,2524
possible,1,2525
choler,1,2526
frighted,1,2527
madman,1,2528
stares,1,2529
proud,1,2530
choleric,1,2531
budge,1,2532
crouch,1,2533
testy,1,2534
venom,1,2535
spleen,1,2536
split,1,2537
waspish,1,2538
vaunting,1,2539
learn,1,2540
tempted,1,2541
presume,1,2542
threats,1,2543
sums,1,2544
coin,1,2545
wring,1,2546
peasants,1,2547
indirection,1,2548
grows,1,2549
covetous,1,2550
lock,1,2551
rascal,1,2552
counters,1,2553
thunderbolts,1,2554
dash,1,2555
infirmities,1,2556
aweary,1,2557
hated,1,2558
braved,1,2559
chequed,1,2560
observed,1,2561
notebook,1,2562
learnd,1,2563
connd,1,2564
rote,1,2565
naked,1,2566
plutus,1,2567
richer,1,2568
hate,1,2569
sheathe,1,2570
scope,1,2571
dishonour,1,2572
yoked,1,2573
lamb,1,2574
carries,1,2575
anger,1,2576
hasty,1,2577
spark,1,2578
vexeth,1,2579
henceforth,1,2580
overearnest,1,2581
chides,1,2582
grudge,1,2583
followed,1,2584
im,1,2585
vilely,1,2586
cynic,1,2587
rhyme,1,2588
wars,1,2589
jigging,1,2590
companion,1,2591
lodge,1,2592
companies,1,2593
accidental,1,2594
scaped,1,2595
killing,1,2596
insupportable,1,2597
touching,1,2598
loss,1,2599
impatient,1,2600
absence,1,2601
strongfor,1,2602
camewith,1,2603
distract,1,2604
attendants,1,2605
absent,1,2606
swallowd,1,2607
unkindness,1,2608
thirsty,1,2609
pledge,1,2610
oerswell,1,2611
cup,1,2612
necessities,1,2613
bending,1,2614
expedition,1,2615
selfsame,1,2616
tenor,1,2617
addition,1,2618
outlawry,1,2619
agree,1,2620
seventy,1,2621
proscriptions,1,2622
writ,1,2623
meditating,1,2624
losses,1,2625
waste,1,2626
doing,1,2627
lying,1,2628
defense,1,2629
nimbleness,1,2630
force,1,2631
twixt,1,2632
forced,1,2633
affection,1,2634
grudged,1,2635
contribution,1,2636
fuller,1,2637
refreshd,1,2638
newadded,1,2639
encouraged,1,2640
utmost,1,2641
brimfull,1,2642
ripe,1,2643
increaseth,1,2644
height,1,2645
decline,1,2646
omitted,1,2647
voyage,1,2648
shallows,1,2649
miseries,1,2650
afloat,1,2651
current,1,2652
ventures,1,2653
deep,1,2654
crept,1,2655
obey,1,2656
necessity,1,2657
niggard,1,2658
repose,1,2659
beginning,1,2660
division,1,2661
speakst,1,2662
drowsily,1,2663
oerwatchd,1,2664
cushions,1,2665
otherwise,1,2666
bethink,1,2667
book,1,2668
sought,1,2669
pocket,1,2670
lordship,1,2671
ant,1,2672
past,1,2673
song,1,2674
sleepy,1,2675
tune,1,2676
murderous,1,2677
layst,1,2678
mace,1,2679
wake,1,2680
breakst,1,2681
leaf,1,2682
burns,1,2683
weakness,1,2684
shapes,1,2685
apparition,1,2686
makest,1,2687
vanishest,1,2688
strings,1,2689
criedst,1,2690
plains,1,2691
hopes,1,2692
hills,1,2693
upper,1,2694
regions,1,2695
proves,1,2696
warn,1,2697
answering,1,2698
tut,1,2699
bosoms,1,2700
places,1,2701
bravery,1,2702
fasten,1,2703
courage,1,2704
exigent,1,2705
parley,1,2706
until,1,2707
signal,1,2708
hole,1,2709
crying,1,2710
posture,1,2711
rob,1,2712
hybla,1,2713
bees,1,2714
honeyless,1,2715
stingless,1,2716
soundless,1,2717
stoln,1,2718
buzzing,1,2719
threat,1,2720
hackd,1,2721
apes,1,2722
fawnd,1,2723
bowd,1,2724
kissing,1,2725
feet,1,2726
damned,1,2727
behind,1,2728
neck,1,2729
arguing,1,2730
redder,1,2731
thirty,1,2732
avenged,1,2733
added,1,2734
slaughter,1,2735
unless,1,2736
bringst,1,2737
wert,1,2738
couldst,1,2739
peevish,1,2740
schoolboy,1,2741
worthless,1,2742
masker,1,2743
reveller,1,2744
defiance,1,2745
hurl,1,2746
stomachs,1,2747
blow,1,2748
billow,1,2749
bark,1,2750
storm,1,2751
hazard,1,2752
converse,1,2753
birthday,1,2754
compelld,1,2755
liberties,1,2756
epicurus,1,2757
presage,1,2758
former,1,2759
eagles,1,2760
perchd,1,2761
gorging,1,2762
feeding,1,2763
consorted,1,2764
steads,1,2765
ravens,1,2766
crows,1,2767
kites,1,2768
downward,1,2769
prey,1,2770
shadows,1,2771
canopy,1,2772
fatal,1,2773
constantly,1,2774
incertain,1,2775
befall,1,2776
determined,1,2777
cowardly,1,2778
arming,1,2779
providence,1,2780
govern,1,2781
below,1,2782
begun,1,2783
everlasting,1,2784
loud,1,2785
demeanor,1,2786
overthrow,1,2787
turning,1,2788
eagerly,1,2789
lovest,1,2790
mount,1,2791
assured,1,2792
notest,1,2793
ascends,1,2794
breathed,1,2795
compass,1,2796
horsemen,1,2797
lights,1,2798
descends,1,2799
parthia,1,2800
saving,1,2801
whatsoever,1,2802
attempt,1,2803
freeman,1,2804
bowels,1,2805
search,1,2806
hilts,1,2807
coverd,1,2808
guide,1,2809
stabs,1,2810
overthrown,1,2811
disconsolate,1,2812
hat,1,2813
setting,1,2814
rays,1,2815
dews,1,2816
hateful,1,2817
melancholys,1,2818
child,1,2819
conceived,1,2820
birth,1,2821
killst,1,2822
engenderd,1,2823
report,1,2824
piercing,1,2825
darts,1,2826
envenomed,1,2827
wreath,1,2828
victory,1,2829
misconstrued,1,2830
garland,1,2831
bidding,1,2832
apace,1,2833
regarded,1,2834
godsthis,1,2835
kills,1,2836
upward,1,2837
owe,1,2838
thasos,1,2839
funerals,1,2840
discomfort,1,2841
labeo,1,2842
fighting,1,2843
bastard,1,2844
foe,1,2845
bravely,1,2846
prize,1,2847
kindness,1,2848
remains,1,2849
rock,1,2850
statilius,1,2851
torchlight,1,2852
slaying,1,2853
request,1,2854
meditates,1,2855
vessel,1,2856
list,1,2857
appeard,1,2858
fields,1,2859
seest,1,2860
beat,1,2861
pit,1,2862
tarry,1,2863
swordhilts,1,2864
office,1,2865
tarrying,1,2866
losing,1,2867
lifes,1,2868
history,1,2869
hangs,1,2870
labourd,1,2871
smatch,1,2872
retreat,1,2873
conquerors,1,2874
proved,1,2875
saying,1,2876
entertain,1,2877
latest,1,2878
service,1,2879
elements,1,2880
mixd,1,2881
orderd,1,2882
honourably,1,2883
